id,job,location,track,progress,skills
0,0,EB,90712,2,4,1000110001
1,1,B,90809,5,3,1011010001
2,2,DCB,90844,3,2,1101000101
3,3,D,90801,3,2,1101110011
4,4,DE,90801,1,5,1111011011
5,5,CED,90809,4,5,1001110010
6,6,ACBED,90712,4,4,0000111111
7,7,EB,90801,3,5,0101101000
8,8,C,90712,3,2,1001101010
9,9,AD,90844,3,3,0010111100
10,10,E,90801,4,4,1010010001
11,11,CBA,90801,1,4,0110101000
12,12,DEC,90809,1,3,0100011101
13,13,C,90808,3,3,0011001111
14,14,DA,90808,1,3,1110101010
15,15,ADEC,90809,4,4,1110011101
16,16,ABED,90712,5,5,0100000111
17,17,DB,90808,4,3,0110010001
18,18,EA,90844,4,4,1100111001
19,19,EDBA,90809,5,1,0011001110
20,20,DACB,90809,1,2,0001010100
21,21,DAE,90844,4,3,0110010000
22,22,EA,90844,2,2,0010101100
23,23,ED,90809,1,5,1000111111
24,24,B,90801,3,4,0010100111
25,25,EDBCA,90801,1,5,1011010110
26,26,AECBD,90809,3,2,1011101000
27,27,D,90808,1,5,0110100011
28,28,ABC,90809,1,5,1100101101
29,29,DEB,90801,4,2,1110111010
30,30,DC,90844,4,3,1110111100
31,31,BCEA,90809,5,4,1010000001
32,32,CBEA,90712,4,4,1111000011
33,33,ABCD,90809,2,2,1110110101
34,34,A,90808,5,3,0010010000
35,35,E,90808,4,3,0110100111
36,36,AEDBC,90712,2,5,1110011000
37,37,CEAD,90809,4,5,1110000111
38,38,ABCED,90801,5,5,0100000011
39,39,B,90712,4,5,0100011100
40,40,EBCDA,90801,4,1,0100111011
41,41,BC,90712,3,3,1000011010
42,42,BEC,90809,4,2,1011110110
43,43,CDE,90808,5,2,0001010110
44,44,CA,90844,3,2,0001110001
45,45,AEBD,90809,4,3,0000010010
46,46,CBDAE,90801,5,2,0000001001
47,47,BA,90808,1,3,1000011000
48,48,ABE,90809,3,5,1001000101
49,49,DBA,90844,5,1,1000000111
50,50,DEB,90801,5,1,1100101001
51,51,CBEAD,90801,2,5,0000100111
52,52,DEAB,90712,4,4,0001010001
53,53,DA,90808,2,1,1011001100
54,54,DC,90809,3,4,0010010100
55,55,ADCB,90712,3,4,0011101100
56,56,E,90801,5,3,1100110000
57,57,BDCAE,90844,1,2,0011001011
58,58,AED,90809,5,3,0000111110
59,59,EA,90808,5,3,1110101111
60,60,DE,90808,4,1,1110010000
61,61,BCDA,90712,5,2,1110000110
62,62,B,90808,2,4,1010011100
63,63,DB,90808,3,2,0000111111
64,64,C,90712,1,5,0001111000
65,65,BDEA,90712,3,4,1101011110
66,66,DECA,90712,1,1,1100111010
67,67,BAED,90801,2,4,1110010111
68,68,EB,90801,4,5,1011000101
69,69,BCEDA,90712,3,4,0111000011
70,70,EC,90808,5,3,1101010010
71,71,EC,90844,1,1,0010010001
72,72,CE,90844,1,2,0100001000
73,73,ABCED,90809,1,4,1111010000
74,74,AD,90844,1,1,1010111101
75,75,C,90809,1,4,0100100110
76,76,A,90808,3,2,0110100011
77,77,CBAD,90808,5,4,0000111111
78,78,E,90844,3,3,1000110111
79,79,DE,90808,5,5,0101110111
80,80,DAB,90808,5,3,1000111011
81,81,DACEB,90808,5,1,0110100101
82,82,CEBA,90801,5,5,1110000100
83,83,BCE,90712,4,1,1111010111
84,84,ABE,90844,5,3,1000101001
85,85,BDAE,90808,1,4,1110100000
86,86,CD,90809,3,1,1011001111
87,87,AED,90801,4,1,0001100110
88,88,DC,90809,4,1,1000010010
89,89,CADB,90808,1,2,1001100011
90,90,BC,90712,4,3,1010111001
91,91,CEDA,90712,1,1,1101011100
92,92,EBCAD,90712,3,3,0110010010
93,93,BC,90809,3,1,0111010101
94,94,CAEBD,90844,1,5,1011000111
95,95,DBE,90712,1,2,1100101011
96,96,A,90844,4,5,1000101101
97,97,AEDC,90809,1,1,0011001101
98,98,A,90844,3,4,1001101011
99,99,B,90809,5,5,0110110000
100,100,EA,90808,3,4,0001101000
101,101,BACE,90801,3,2,0010011010
102,102,BE,90808,2,5,0010100011
103,103,CBEDA,90712,1,4,0110000101
104,104,CDEAB,90844,1,5,1010111000
105,105,E,90844,4,5,0100001111
106,106,BE,90712,3,4,1001001110
107,107,ED,90712,4,2,0101100101
108,108,DCA,90712,2,4,1110010010
109,109,BCDAE,90809,4,4,0001101001
110,110,DAECB,90712,5,3,1111110111
111,111,C,90712,1,4,1100001011
112,112,A,90844,4,2,1011100111
113,113,D,90809,3,4,0110011000
114,114,ADC,90712,3,4,1011110010
115,115,CBA,90712,5,3,0110010110
116,116,BC,90808,4,1,0010011100
117,117,ADECB,90712,4,3,0000001010
118,118,D,90808,4,2,1011000110
119,119,DABC,90712,4,3,1110110100
120,120,BACD,90809,1,2,0011010011
121,121,BD,90809,5,4,1001111010
122,122,CEAB,90844,1,3,0101001100
123,123,EAB,90808,3,5,0001101100
124,124,DBECA,90712,3,4,1010010110
125,125,AD,90712,4,2,0010001101
126,126,BC,90809,2,1,1101000100
127,127,D,90801,5,4,0100001000
128,128,CDAB,90844,1,3,0001101100
129,129,DB,90844,5,3,0101010100
130,130,DA,90801,2,4,0001110010
131,131,AB,90801,1,3,0001100000
132,132,E,90809,1,5,1010110111
133,133,DA,90808,5,1,0101010101
134,134,BD,90844,4,5,0011111000
135,135,D,90808,3,4,0111111100
136,136,BCAE,90844,4,5,1110100010
137,137,DACEB,90844,5,2,0101100110
138,138,BCAE,90801,2,1,1010100101
139,139,DBCA,90844,1,4,0110101110
140,140,DEA,90844,5,3,0111000100
141,141,ABD,90809,3,4,1000001111
142,142,AC,90844,4,2,0110110011
143,143,AED,90844,3,5,1110101110
144,144,EDBC,90844,3,2,0100110101
145,145,A,90808,2,5,0011010010
146,146,BADC,90712,5,2,1011011001
147,147,DE,90809,2,3,1100100111
148,148,AC,90844,3,5,1001011001
149,149,EB,90808,2,5,1100111011
150,150,A,90808,2,5,0000000011
151,151,BD,90801,4,5,1000110110
152,152,ABD,90809,5,4,0100011101
153,153,ECBD,90844,2,2,0010100011
154,154,C,90809,5,2,0000100111
155,155,A,90808,1,4,1000110010
156,156,EBCA,90809,1,3,1111110001
157,157,ACD,90844,4,5,1110111100
158,158,CE,90801,2,5,1101110110
159,159,E,90809,5,3,1101110100
160,160,CDB,90712,3,5,1011101001
161,161,BADCE,90712,5,1,1110011111
162,162,DAEBC,90844,3,2,0010100010
163,163,DCBA,90712,3,3,0011100110
164,164,DCAB,90808,3,1,0010100101
165,165,ACDB,90809,1,1,0111111011
166,166,BE,90808,4,3,0100101000
167,167,ABDE,90844,4,3,0100100111
168,168,DBA,90801,4,4,0001100111
169,169,A,90801,5,4,1111000001
170,170,CEB,90712,2,1,1010100101
171,171,CDB,90808,2,1,1000100001
172,172,BCEDA,90844,2,5,0011101001
173,173,CBA,90808,4,2,1011100110
174,174,DCEAB,90801,5,3,0101110010
175,175,DB,90844,5,3,1010011110
176,176,BCA,90844,3,4,0101000001
177,177,BEDA,90801,5,5,1011001000
178,178,ECDBA,90844,1,3,0011100011
179,179,ACD,90809,4,5,0100100100
180,180,ABCD,90809,4,4,1011101111
181,181,B,90808,1,1,0110111111
182,182,DCABE,90844,4,5,1010011100
183,183,CBAED,90809,1,2,1100101110
184,184,AEDB,90844,5,5,1111000001
185,185,DACBE,90712,2,3,1010011001
186,186,BACDE,90808,5,2,1111000010
187,187,EABD,90808,1,5,1000011101
188,188,ACEDB,90844,3,3,1010001010
189,189,EBC,90712,1,4,1010011010
190,190,C,90844,1,1,1000101000
191,191,ECDB,90844,4,1,0001111101
192,192,ACBED,90809,1,2,1110011000
193,193,AEC,90809,2,2,0011111100
194,194,ADC,90712,1,3,1111011011
195,195,ADEC,90808,5,5,0110110111
196,196,EBAC,90808,2,5,1110111011
197,197,BC,90712,5,3,0000111010
198,198,EAC,90808,5,2,0010110110
199,199,DB,90809,3,1,0010100010
200,200,BD,90712,1,3,0111110100
201,201,CEA,90801,5,4,0000111000
202,202,DB,90712,5,2,1011110011
203,203,BDEA,90844,2,3,0010011101
204,204,A,90801,3,1,0110010100
205,205,CDBAE,90712,5,5,0100011110
206,206,EB,90809,3,2,1011111111
207,207,BCEAD,90844,3,1,1000111100
208,208,BDE,90844,2,1,0100110101
209,209,B,90808,2,4,0100110101
210,210,ADBCE,90801,3,2,0000100100
211,211,CEBA,90808,2,1,0000100001
212,212,EBD,90809,4,3,0110100111
213,213,C,90809,3,3,0001011001
214,214,C,90809,2,4,1100111101
215,215,CBEA,90844,4,5,0010101001
216,216,DE,90801,2,5,0110000100
217,217,AEDB,90808,4,3,0010101101
218,218,D,90809,1,1,1011111101
219,219,C,90808,3,3,1110101001
220,220,CBDEA,90809,1,5,0010011010
221,221,DAC,90801,3,5,1100100000
222,222,DECAB,90801,4,3,1010110110
223,223,CED,90844,4,1,1011010011
224,224,EACDB,90808,1,2,1110011000
225,225,BDC,90712,5,2,1011110101
226,226,ECDAB,90844,3,2,0100101001
227,227,CDAE,90801,4,2,0000110111
228,228,EA,90808,1,3,0011100101
229,229,D,90809,4,4,0000101000
230,230,DCBA,90712,1,4,0001001000
231,231,AEB,90801,2,3,0010101101
232,232,BAE,90801,2,3,0110000100
233,233,C,90801,4,5,1000101000
234,234,BEACD,90844,5,4,1001111111
235,235,BDECA,90801,2,3,1110011101
236,236,D,90808,3,3,0110111110
237,237,CBDA,90844,2,1,0101100000
238,238,D,90801,5,5,1000011100
239,239,BCADE,90844,5,4,0010001111
240,240,BED,90712,1,5,0011101101
241,241,BE,90712,2,3,0011110110
242,242,EAC,90801,5,2,1010100101
243,243,E,90712,4,2,0011101111
244,244,D,90809,3,1,1101011010
245,245,CD,90809,4,5,0111011111
246,246,DB,90808,2,2,0111010101
247,247,AD,90712,5,1,0111110100
248,248,E,90809,4,4,0101101110
249,249,DAB,90808,5,4,0100101011
250,250,DC,90808,5,2,1011111001
251,251,ACEDB,90844,5,5,1000101111
252,252,ABDE,90844,3,3,1011010011
253,253,E,90809,2,3,0111111011
254,254,CABE,90844,5,3,1111001101
255,255,BCE,90809,3,5,1010111011
256,256,D,90844,3,2,1000001100
257,257,BDEAC,90809,2,4,0001011110
258,258,AB,90844,5,1,0001010110
259,259,E,90844,1,4,1111001110
260,260,CD,90712,3,5,1101011101
261,261,AE,90844,1,2,1010011100
262,262,BCE,90844,1,4,0000011111
263,263,A,90844,3,5,1001110001
264,264,DC,90809,2,2,1001001010
265,265,AC,90801,1,3,1001000001
266,266,DEC,90808,4,1,1101100000
267,267,DE,90808,5,5,1000011110
268,268,C,90808,2,3,0011001011
269,269,DAC,90712,1,1,1011000101
270,270,A,90712,1,2,0000011011
271,271,C,90809,2,5,1000100100
272,272,AEBCD,90801,1,2,1010011110
273,273,B,90808,2,2,0110001010
274,274,AD,90808,2,5,0111101010
275,275,CD,90801,5,5,1101001110
276,276,CEB,90844,5,5,1100110011
277,277,ABEC,90809,1,5,1111111011
278,278,AEC,90808,2,3,1000111100
279,279,ECBDA,90844,1,3,1001111010
280,280,BDCA,90844,1,2,1010011010
281,281,E,90712,2,1,0111000101
282,282,BEA,90801,4,5,0101010000
283,283,CD,90809,5,1,0100100010
284,284,EDCA,90808,1,4,1000100011
285,285,CAEBD,90808,5,2,0100011000
286,286,C,90809,4,1,0100001000
287,287,DAC,90808,3,1,1000000001
288,288,BADEC,90712,4,5,0100111001
289,289,AD,90712,5,5,0101000110
290,290,AED,90844,4,4,0001010111
291,291,EADBC,90712,1,3,1001111110
292,292,AC,90808,1,5,0001111111
293,293,ED,90808,5,1,1110010101
294,294,CA,90809,4,3,1101010100
295,295,AD,90808,5,4,0111001011
296,296,BD,90712,2,3,1100001000
297,297,CDA,90801,5,1,0011001111
298,298,ECBAD,90808,2,1,1010001111
299,299,B,90844,1,4,1001010100
300,300,AE,90801,1,1,1101111100
301,301,ACD,90808,2,1,1110000000
302,302,DEACB,90808,5,1,1111100100
303,303,DEB,90712,1,2,1011101011
304,304,A,90844,4,4,0101110010
305,305,C,90808,3,2,1011110010
306,306,BAD,90809,2,5,1001010110
307,307,BECAD,90809,3,3,1110100100
308,308,BA,90801,4,5,1101010100
309,309,E,90801,4,3,0100101010
310,310,E,90844,5,3,0001011011
311,311,DBAEC,90844,1,4,0111100000
312,312,BDCA,90712,2,4,1000010010
313,313,C,90801,1,4,0110000101
314,314,ACDBE,90712,2,2,0111001000
315,315,BACDE,90844,1,4,0110101010
316,316,DB,90809,5,3,0100011101
317,317,DCAEB,90801,2,1,0111100000
318,318,CADE,90801,5,1,1001101110
319,319,BCAED,90809,5,1,1010000011
320,320,EC,90712,5,5,1010111011
321,321,BCEDA,90809,3,3,1110010010
322,322,BCD,90844,2,1,0011001101
323,323,ABECD,90808,3,1,1000110000
324,324,CD,90809,1,2,1101010001
325,325,ABDC,90801,5,3,1001111111
326,326,B,90712,3,2,0001111011
327,327,CA,90809,2,1,1100101111
328,328,ECAB,90808,5,5,0010110001
329,329,DCBA,90809,3,5,1000100011
330,330,ABDC,90809,3,1,1110010111
331,331,DCB,90844,3,2,1000001101
332,332,DBEAC,90844,4,2,1010100000
333,333,BCEDA,90808,1,1,0110101010
334,334,A,90801,5,2,0100100111
335,335,ADBCE,90809,4,2,1110111111
336,336,ACD,90808,4,5,0000010110
337,337,DB,90808,4,2,0001011110
338,338,EB,90801,3,2,0100111001
339,339,B,90809,3,4,0010111010
340,340,DBA,90844,5,3,1001111011
341,341,EADC,90844,3,5,1010010100
342,342,D,90808,5,1,0110110101
343,343,EC,90809,3,4,1111000011
344,344,CA,90809,1,5,0001111001
345,345,C,90808,1,2,0100101101
346,346,A,90808,3,5,1110101010
347,347,DB,90808,5,5,1001011011
348,348,BEDC,90809,3,5,0010100010
349,349,BDEC,90844,3,1,0000111111
350,350,ACE,90712,4,1,0011011111
351,351,DCE,90712,5,2,0000011101
352,352,EBAD,90801,5,2,0101000110
353,353,EA,90712,2,4,0111100100
354,354,BDECA,90808,2,3,1111000110
355,355,B,90712,4,4,0010010101
356,356,C,90809,3,3,1111010100
357,357,ABDEC,90809,2,1,0101000000
358,358,DEB,90712,5,1,1011001001
359,359,EA,90801,5,5,1100001100
360,360,CAE,90808,3,4,0001111000
361,361,BA,90712,4,3,1000011101
362,362,EDAB,90801,4,5,0011110100
363,363,BECDA,90808,1,2,1111101001
364,364,EB,90844,4,5,1000011101
365,365,B,90801,1,5,0100100011
366,366,ECDA,90844,1,1,0111101010
367,367,B,90844,1,3,0001101100
368,368,BCD,90809,1,3,1010010100
369,369,D,90844,1,1,1010101101
370,370,AEBC,90808,3,2,0111010001
371,371,AEBDC,90712,1,4,1000101011
372,372,DACB,90844,4,2,0000001010
373,373,BE,90801,3,1,0100101100
374,374,A,90844,1,4,1001110110
375,375,EBA,90844,1,5,0011000011
376,376,EBDA,90808,2,3,0011100000
377,377,EAC,90712,2,3,0100010000
378,378,DAE,90809,4,1,0001000100
379,379,B,90844,5,2,1001010101
380,380,BCA,90801,2,4,1100111011
381,381,BDC,90801,3,4,1100010100
382,382,AEBDC,90712,5,1,0111010100
383,383,EABDC,90844,2,3,0101001000
384,384,DAEB,90844,1,3,1011110101
385,385,ADBC,90712,4,5,1111000001
386,386,CA,90844,1,1,0110001011
387,387,ABC,90801,4,4,1101010101
388,388,BCEA,90808,5,5,1100001100
389,389,D,90809,5,4,0110000000
390,390,BAEDC,90844,3,4,1100101011
391,391,A,90808,1,4,0111011100
392,392,DCEB,90809,5,1,0111100111
393,393,CAEBD,90809,2,1,1011100010
394,394,DAB,90712,5,2,0111010001
395,395,CB,90808,5,2,1110000110
396,396,AED,90809,1,1,0010011010
397,397,C,90809,3,5,0010000111
398,398,DA,90712,4,2,1011101001
399,399,DEBC,90844,4,5,1001111100
400,400,BED,90844,3,1,1010011000
401,401,EC,90809,3,3,0011011010
402,402,ADE,90844,1,2,1000001101
403,403,E,90809,2,1,0010001100
404,404,CDBAE,90809,3,1,1100110001
405,405,D,90844,4,2,1111001000
406,406,EACBD,90801,5,2,0001000001
407,407,BAD,90844,2,5,1111111011
408,408,CED,90808,2,1,1000001011
409,409,CBEAD,90801,2,1,0010010000
410,410,EDC,90712,3,5,1111111111
411,411,CBD,90844,5,3,1000011001
412,412,AC,90801,3,3,1100111000
413,413,BEADC,90808,4,3,1111111110
414,414,BCEDA,90809,1,1,0110011000
415,415,CDAEB,90844,2,3,1100100100
416,416,C,90809,3,2,1000111011
417,417,E,90844,1,4,0101010100
418,418,DCABE,90809,2,4,1000100000
419,419,ADBEC,90809,4,5,0101111110
420,420,CE,90809,5,5,1000111011
421,421,ADBCE,90844,4,3,1101110010
422,422,EAB,90844,4,2,1000101011
423,423,D,90809,4,2,1011111000
424,424,E,90809,5,1,1110011111
425,425,BC,90809,1,2,0010111011
426,426,A,90801,2,3,1001010111
427,427,AEC,90808,1,4,1110100001
428,428,DA,90809,5,4,0000101000
429,429,AECDB,90712,5,5,1100101111
430,430,CEBA,90712,2,1,1010111010
431,431,ABCDE,90801,3,1,0110000010
432,432,ADCEB,90712,4,2,0111111011
433,433,DBEA,90809,5,4,0001011000
434,434,ADB,90712,1,5,0000000000
435,435,DAE,90801,2,3,0000101001
436,436,EACB,90809,2,3,0000100111
437,437,DEBCA,90801,1,1,0010101001
438,438,EA,90844,2,3,0010110110
439,439,BDEA,90801,2,4,0110111110
440,440,DAEBC,90801,5,2,0001110010
441,441,C,90844,3,4,1100111001
442,442,CBD,90801,1,4,1010110001
443,443,CEBDA,90801,4,4,1101101111
444,444,CBAE,90844,4,3,0001100010
445,445,CDE,90844,5,3,0010110010
446,446,DC,90809,2,4,0110000001
447,447,ABC,90801,5,2,0110000000
448,448,D,90801,3,4,0111001001
449,449,DBE,90809,4,5,1100000000
450,450,B,90808,1,4,0011010000
451,451,AD,90844,5,3,1100011011
452,452,ECBD,90844,4,3,1110111010
453,453,BDE,90808,4,1,1000101111
454,454,AD,90809,3,4,1101101101
455,455,ECD,90808,4,1,1000001000
456,456,EDC,90801,2,5,0000011001
457,457,EBC,90801,3,5,0101001101
458,458,BEA,90844,4,2,0010101110
459,459,BEC,90808,2,1,1011110100
460,460,CDBE,90844,2,2,0100101010
461,461,DECB,90712,2,4,0001100010
462,462,EBDC,90801,2,4,0100001000
463,463,ED,90801,2,4,1101101000
464,464,BE,90712,2,3,0111111100
465,465,CBDA,90808,2,5,0000101100
466,466,DA,90712,4,3,1110111111
467,467,BD,90801,4,3,0100001010
468,468,CAB,90808,4,3,0001000111
469,469,CEDAB,90844,5,5,1110111111
470,470,DBA,90808,1,1,0100100001
471,471,EACD,90801,4,5,0010011110
472,472,EDA,90801,5,2,1000001110
473,473,EABC,90809,4,1,0001011011
474,474,A,90808,5,4,1011000011
475,475,CBAD,90808,3,1,1011111101
476,476,CEBA,90801,2,1,0101101011
477,477,ADEBC,90809,3,2,1110101111
478,478,BCD,90808,4,2,0000011101
479,479,A,90801,4,2,1001001010
480,480,D,90809,5,2,1101100111
481,481,ED,90808,5,1,1110000011
482,482,EDACB,90801,5,3,1001110000
483,483,BD,90808,5,3,1000011001
484,484,CB,90801,3,5,0000111011
485,485,EAC,90808,2,5,1100110101
486,486,CADE,90844,5,3,1000001000
487,487,CDE,90801,3,4,1010000001
488,488,BEC,90712,2,5,0001000111
489,489,DCEB,90808,5,2,1111001001
490,490,CBD,90808,3,2,1111101101
491,491,CBAD,90844,3,4,0110101010
492,492,ECADB,90712,3,2,0001011101
493,493,E,90801,5,2,0101000000
494,494,BEACD,90809,4,2,1101011011
495,495,ABED,90844,4,2,0000000000
496,496,DBACE,90809,4,2,1101101101
497,497,CDBAE,90808,1,4,0100110111
498,498,CBA,90712,5,1,0000011011
499,499,C,90809,3,4,1101100101
500,500,A,90712,1,2,0001111011
501,501,ACBE,90809,1,1,0001011110
502,502,CAD,90844,5,3,1110110000
503,503,BEC,90801,2,4,0010100110
504,504,C,90712,5,4,0010011000
505,505,DA,90809,1,2,1111100110
506,506,BDCAE,90844,5,4,0010110110
507,507,ECABD,90809,5,1,1001010001
508,508,EDBAC,90809,1,3,1000100000
509,509,ACEBD,90801,2,1,0000101101
510,510,DAE,90801,3,2,1001010101
511,511,D,90808,3,1,1101001110
512,512,CBD,90808,5,1,0100010001
513,513,C,90844,5,5,1110110101
514,514,D,90844,4,1,1001001011
515,515,CBED,90808,3,5,1011100100
516,516,D,90801,1,3,1111100010
517,517,BA,90712,3,3,0101000101
518,518,B,90801,4,5,0011110010
519,519,BEA,90808,2,3,1111011000
520,520,CD,90844,1,3,0001011001
521,521,CEDA,90808,3,5,0010001011
522,522,BEADC,90801,2,5,1011101111
523,523,D,90808,2,4,1011011100
524,524,CAB,90801,1,2,0001110100
525,525,CBED,90808,2,2,1111011101
526,526,EDC,90809,1,2,0011011101
527,527,DCAEB,90809,3,4,1000101101
528,528,AC,90712,5,4,0000011111
529,529,CABDE,90808,4,2,0011001100
530,530,DE,90809,1,4,0000101111
531,531,DABEC,90808,5,3,1100111110
532,532,EDA,90844,1,5,0101011100
533,533,ACEB,90712,4,2,1011111101
534,534,EDBC,90844,1,4,0101111010
535,535,DEC,90712,2,1,0001000111
536,536,A,90844,2,1,0011111011
537,537,AECBD,90808,5,1,0001100000
538,538,CDEA,90712,4,1,1111000110
539,539,ADECB,90801,3,4,0110001011
540,540,DEB,90844,1,5,0101001001
541,541,E,90801,3,3,1011100001
542,542,DEAB,90712,5,4,0011101101
543,543,A,90712,3,2,1100010111
544,544,BA,90808,1,1,0001111010
545,545,A,90844,4,4,1111110111
546,546,BCDA,90808,4,3,0100010011
547,547,BDACE,90801,3,5,1000010110
548,548,E,90808,5,2,0001000000
549,549,D,90809,5,1,1101111000
550,550,ABC,90808,1,5,1011110100
551,551,ED,90809,4,3,1110111110
552,552,ED,90809,2,2,0011110011
553,553,AEDCB,90844,5,4,1010101011
554,554,EA,90712,5,2,0011111011
555,555,D,90844,5,5,0001111101
556,556,BDAC,90801,5,2,0111110010
557,557,EC,90844,5,4,0100100000
558,558,EB,90808,3,3,0010011011
559,559,AD,90801,4,1,0010010000
560,560,DBACE,90801,5,2,1111110110
561,561,EAB,90801,1,1,1000111100
562,562,C,90808,4,3,1000001001
563,563,AED,90809,5,2,1000010011
564,564,EAD,90809,1,4,1010111011
565,565,E,90712,4,5,1011000101
566,566,EBDC,90808,4,1,1010101110
567,567,E,90808,3,4,0010000011
568,568,DEABC,90844,2,3,1110001101
569,569,DECA,90808,4,1,1100111111
570,570,BCAD,90844,4,5,1000001000
571,571,B,90844,3,2,0110011001
572,572,DBA,90712,2,5,0011101001
573,573,CAB,90801,4,5,0011001000
574,574,BCEDA,90808,1,5,1001111110
575,575,ABC,90801,1,1,1110101111
576,576,DB,90808,5,1,1001101001
577,577,E,90712,2,3,1011110011
578,578,CD,90712,4,3,0011100111
579,579,E,90809,2,1,0101111000
580,580,ACED,90844,5,3,0100000001
581,581,E,90809,2,2,1000110010
582,582,AED,90809,2,3,1000111000
583,583,ACDE,90712,2,1,1011010010
584,584,CAED,90808,5,2,0011011110
585,585,BCADE,90844,1,5,1111000110
586,586,CB,90801,4,1,0000111010
587,587,E,90809,2,1,1111011010
588,588,BD,90712,4,4,0010100010
589,589,AD,90801,1,2,0000000110
590,590,BDA,90801,1,2,1000001110
591,591,CE,90809,5,3,0101101101
592,592,EAD,90808,2,3,0001101011
593,593,ACDBE,90844,2,2,0000101110
594,594,BCA,90808,5,4,0100111010
595,595,AB,90712,5,5,0010110101
596,596,ACBED,90844,4,4,1011000010
597,597,BDA,90809,2,5,0001001011
598,598,D,90809,4,5,1001110111
599,599,ECB,90809,3,2,1010110010
600,600,DEC,90808,1,1,0100010001
601,601,BA,90801,3,4,1001010011
602,602,AC,90712,3,1,0110111101
603,603,CED,90809,1,2,0000001001
604,604,ACBD,90712,4,4,0100000010
605,605,CED,90844,4,4,1110000000
606,606,DCAB,90808,4,2,1101011101
607,607,ADEB,90844,3,5,0100001010
608,608,ACEDB,90801,2,4,1101101010
609,609,DEC,90844,1,2,0100011010
610,610,AB,90809,3,1,1110100011
611,611,ADCBE,90808,2,5,1010001110
612,612,E,90809,2,4,0001110000
613,613,AC,90712,3,1,0001011101
614,614,BC,90809,5,5,0011001011
615,615,BCAD,90712,2,3,0001010010
616,616,DABEC,90712,2,2,0001101110
617,617,DEB,90809,5,1,1101101110
618,618,ECABD,90844,5,5,0010110011
619,619,BDCA,90801,3,3,0011010010
620,620,EBADC,90712,3,3,0010001000
621,621,D,90712,2,1,1011111010
622,622,BECD,90844,5,4,0010111100
623,623,B,90809,4,3,0111010000
624,624,DB,90808,1,3,0001000100
625,625,EDCAB,90712,5,1,0001100001
626,626,CABE,90844,5,1,0100101111
627,627,B,90844,3,1,1011111100
628,628,A,90844,2,5,1100111110
629,629,CEABD,90808,3,4,1010101010
630,630,D,90801,5,4,0001110111
631,631,DCEAB,90808,2,5,1011010011
632,632,ECADB,90712,1,4,0100111011
633,633,ED,90801,1,1,0111100100
634,634,AC,90712,2,4,1011101110
635,635,BEDC,90808,4,4,0111011011
636,636,DB,90801,1,4,1111111100
637,637,CADEB,90844,3,4,0111111110
638,638,CB,90844,3,1,0111101101
639,639,E,90809,4,5,0011001001
640,640,BA,90801,2,3,1011000001
641,641,DA,90844,3,1,0001001111
642,642,AEDBC,90712,2,4,0011001101
643,643,CDEB,90844,2,1,0000000011
644,644,DC,90844,4,4,1010011111
645,645,EADB,90808,5,2,1001011000
646,646,C,90844,2,1,0011000110
647,647,E,90809,1,5,0010100100
648,648,ACBDE,90801,1,3,1010101000
649,649,CB,90712,2,2,0000101010
650,650,BCDE,90712,4,5,0000001000
651,651,D,90808,4,1,0111000011
652,652,E,90808,5,3,1110110010
653,653,B,90801,1,3,0000111000
654,654,C,90712,2,4,1101001000
655,655,CBAE,90844,2,5,0100011000
656,656,A,90712,1,2,1011101000
657,657,EA,90809,4,4,0101110110
658,658,BDCAE,90809,4,2,0101110000
659,659,AD,90801,3,2,0101000011
660,660,CDBE,90712,2,2,0011101011
661,661,BAC,90712,5,5,0010011001
662,662,DEABC,90801,5,3,0110111011
663,663,ABCED,90844,5,4,1001110101
664,664,EC,90712,2,5,1001011010
665,665,BEC,90809,2,4,1100101011
666,666,EDC,90844,4,1,0011110000
667,667,D,90809,1,2,1010101011
668,668,D,90712,5,5,0110000010
669,669,BC,90808,4,4,1100110000
670,670,C,90712,3,5,0000110110
671,671,ECD,90808,5,3,0010100010
672,672,DBA,90809,5,1,1001010110
673,673,CDEAB,90809,3,5,0111010111
674,674,EAC,90712,2,2,1010110110
675,675,DEBCA,90809,4,1,0100100010
676,676,E,90844,4,5,0011000111
677,677,B,90809,4,4,0010111111
678,678,AECDB,90801,1,3,1010011011
679,679,DBC,90808,1,5,0101110100
680,680,CEBA,90801,4,3,1000100010
681,681,EACDB,90809,3,4,1110100111
682,682,AEBDC,90808,3,1,0010011001
683,683,AD,90712,3,3,0001100010
684,684,A,90808,3,5,1110110100
685,685,B,90809,3,3,0001110101
686,686,CAED,90844,4,2,1111001101
687,687,CDEB,90809,4,2,1110101101
688,688,DBCAE,90809,4,3,0100100100
689,689,B,90801,2,3,0001100010
690,690,EBDAC,90808,2,3,0001000100
691,691,D,90801,5,5,0011110101
692,692,BDCE,90809,1,3,1111010110
693,693,ACED,90808,3,4,1001111111
694,694,BEAD,90712,5,2,1110011101
695,695,AE,90712,2,5,1001100101
696,696,CABED,90801,5,2,1011010000
697,697,A,90809,2,5,1010010101
698,698,CABE,90712,1,1,1110000100
699,699,BDA,90712,3,1,1010110110
700,700,CED,90808,2,3,1110011101
701,701,ED,90844,2,4,0010001101
702,702,EACB,90801,1,3,1000000111
703,703,AD,90808,1,1,1001010110
704,704,DBCEA,90844,2,2,1111010010
705,705,EC,90809,2,1,1010111100
706,706,ABEC,90801,4,3,0100011110
707,707,CEA,90712,2,2,0100001101
708,708,BD,90844,1,4,0000111001
709,709,BEAC,90712,2,1,1010010100
710,710,EC,90808,3,1,1010101101
711,711,BDCAE,90808,3,5,0001000101
712,712,CB,90844,2,4,0111111001
713,713,CBAD,90712,4,3,0011110101
714,714,AE,90712,3,3,1101000011
715,715,AE,90844,5,1,1011101110
716,716,AB,90844,5,3,1010101110
717,717,AECDB,90712,2,1,1011111100
718,718,E,90809,5,3,0011111101
719,719,CABE,90712,4,1,1100000100
720,720,DEACB,90844,1,2,1101001011
721,721,DB,90809,5,2,1110100010
722,722,ED,90712,1,2,1011101000
723,723,BEAC,90844,2,1,0101100001
724,724,DECB,90808,1,2,0110001100
725,725,D,90844,4,2,1001110010
726,726,EBDC,90801,3,1,1000000100
727,727,CDB,90808,1,1,0001011000
728,728,CA,90809,2,5,0100110111
729,729,B,90809,1,5,1001000110
730,730,ED,90808,4,5,1011101110
731,731,EDAB,90712,2,5,0111000111
732,732,EBC,90809,4,5,1110000000
733,733,CDBAE,90809,1,4,1000010011
734,734,AECB,90844,1,2,1100100110
735,735,ED,90712,4,4,1100000001
736,736,E,90712,5,4,0000111100
737,737,ACED,90712,2,4,0101100110
738,738,E,90809,4,2,0010001010
739,739,CEBDA,90801,4,2,1000000110
740,740,BD,90801,3,4,1001011001
741,741,AD,90801,2,2,1100111111
742,742,BEAC,90809,1,1,1000101000
743,743,CEA,90809,3,5,0100010110
744,744,ABE,90801,2,2,0011101100
745,745,CAED,90809,3,3,0111110100
746,746,B,90712,1,1,1110011101
747,747,B,90801,2,4,0100110001
748,748,CEBAD,90809,2,5,1001100101
749,749,DCA,90712,1,5,0001100110
750,750,B,90809,5,1,1111000001
751,751,AB,90809,2,2,0101111010
752,752,E,90808,2,5,1001001100
753,753,A,90809,2,4,0100100011
754,754,CBAED,90801,1,2,0000001110
755,755,BDEAC,90801,1,2,1110110110
756,756,AC,90712,4,3,1110000011
757,757,EAB,90844,1,2,0100010111
758,758,EDBAC,90712,3,4,1010110100
759,759,CB,90808,4,5,0001110110
760,760,ACE,90808,3,5,0011101100
761,761,AB,90801,5,2,0101011110
762,762,AC,90844,2,4,1000110111
763,763,EAC,90801,4,2,0101011100
764,764,EADB,90809,2,1,0111110010
765,765,CB,90844,5,2,0000110010
766,766,BDC,90801,3,3,0110010100
767,767,B,90712,3,2,1111000100
768,768,AECD,90801,4,3,0001111100
769,769,E,90801,5,3,0010100110
770,770,EABD,90712,1,1,1100011111
771,771,A,90809,3,2,0100100001
772,772,EADBC,90844,4,4,0010011011
773,773,C,90712,5,2,1110010110
774,774,BA,90809,1,2,1000100011
775,775,B,90808,5,5,1011011001
776,776,CBE,90801,2,4,0101001111
777,777,EADBC,90809,4,1,1111000101
778,778,BECAD,90844,2,1,1000110010
779,779,BADCE,90809,5,3,1110100001
780,780,EADBC,90809,5,5,0110100101
781,781,AEDC,90808,5,2,0011010011
782,782,BEADC,90809,1,1,1010011011
783,783,AECD,90801,3,1,0101110100
784,784,CEABD,90712,4,1,0001011001
785,785,BC,90808,4,5,1000100110
786,786,CDBA,90844,2,2,1011100101
787,787,BC,90712,5,2,1000000101
788,788,CDAE,90844,4,1,1011110111
789,789,EAC,90808,5,4,0101011011
790,790,DABCE,90801,3,1,0111010001
791,791,BD,90808,5,3,1010000101
792,792,EDA,90808,4,3,0001000010
793,793,AD,90712,3,5,1000001111
794,794,BED,90712,3,5,1110001001
795,795,EBDCA,90844,5,4,0000100010
796,796,EBD,90808,5,2,0111000010
797,797,EC,90712,5,5,0100011101
798,798,DACE,90844,2,5,1100001111
799,799,ECABD,90712,3,2,1000110010
800,800,BE,90844,4,3,0110010011
801,801,DACB,90844,3,4,0011111101
802,802,BCDA,90809,5,2,1000001010
803,803,EDA,90808,5,4,1111111100
804,804,DCAEB,90844,1,5,1101100110
805,805,EADC,90844,1,2,1011010001
806,806,EB,90712,5,5,0111110110
807,807,DEAB,90844,5,1,1110100111
808,808,CDBE,90809,5,3,1001011000
809,809,CD,90808,4,4,0001010101
810,810,BDEC,90844,2,5,0110110001
811,811,A,90809,1,2,1110111101
812,812,ACD,90801,5,3,0010110010
813,813,BACD,90844,1,2,1101101000
814,814,DCAEB,90712,2,3,1100111001
815,815,EACD,90808,3,2,1011001110
816,816,EADB,90712,3,2,0100100001
817,817,EACB,90712,4,1,0011101001
818,818,EB,90809,1,2,1100100011
819,819,CDBA,90801,4,2,1110000100
820,820,ADBC,90844,3,5,0111101011
821,821,DAC,90712,4,4,0000011011
822,822,BCEA,90809,1,2,0011110010
823,823,EC,90712,5,4,0010101111
824,824,ABDE,90809,4,5,1000110011
825,825,AD,90808,4,2,0010101011
826,826,DEAC,90809,5,3,0000110110
827,827,CADBE,90844,5,4,1100100110
828,828,ACBE,90808,3,5,1010111110
829,829,EA,90809,2,3,1011001011
830,830,DCEB,90712,2,3,1000110111
831,831,BDE,90844,4,1,1101000001
832,832,CA,90844,4,4,1101111010
833,833,C,90844,3,3,1110100000
834,834,ACE,90808,3,2,0100111011
835,835,EADB,90712,5,5,1001110001
836,836,B,90801,4,5,1101001100
837,837,CEBDA,90809,4,5,1011101111
838,838,ABD,90844,5,1,0110110001
839,839,DCE,90809,5,5,0110110010
840,840,BADC,90808,4,1,0000010101
841,841,BDCEA,90801,5,5,1110001110
842,842,DBEC,90844,5,1,1101011000
843,843,C,90712,2,1,1110101101
844,844,DEBAC,90801,4,2,1001111110
845,845,AC,90712,2,2,0011101110
846,846,EBDCA,90801,5,3,1100110001
847,847,CB,90801,2,2,1111000010
848,848,EBD,90844,4,1,1010001110
849,849,DC,90844,1,2,1011111000
850,850,CDAB,90801,5,1,0101110100
851,851,B,90712,2,4,1111011000
852,852,EADC,90712,5,2,0111100001
853,853,CA,90808,1,2,0101000000
854,854,DEC,90712,1,3,1011011010
855,855,DA,90809,2,2,0010001010
856,856,BEACD,90801,5,3,1011001100
857,857,DC,90801,4,1,1011111110
858,858,DA,90844,5,4,0110010110
859,859,DCBE,90844,2,1,0110001010
860,860,CEA,90844,1,5,1100001000
861,861,DCE,90801,3,3,0111010011
862,862,AD,90808,5,3,0010110101
863,863,ED,90844,4,5,1101001001
864,864,EBDC,90844,2,1,0111110000
865,865,CBADE,90712,4,4,1010010001
866,866,BECDA,90808,1,1,1001110101
867,867,ACE,90801,4,5,1001011011
868,868,EADB,90808,1,5,1110110001
869,869,CAEB,90801,4,3,0011110001
870,870,DAC,90844,1,5,0110001111
871,871,CDE,90808,2,1,0100100111
872,872,AE,90809,2,2,0111110001
873,873,D,90844,2,3,1011001000
874,874,BDC,90712,2,2,1100000100
875,875,EB,90712,1,3,0001000110
876,876,CDBA,90808,3,1,0010111001
877,877,CDA,90808,3,1,0111000000
878,878,D,90801,5,1,1101010001
879,879,AEC,90844,5,2,0101011110
880,880,DA,90712,4,1,1111010010
881,881,BECAD,90808,3,4,1101110011
882,882,ACED,90808,4,2,0000000011
883,883,DCAEB,90844,5,5,1111101001
884,884,ABED,90809,4,5,1110100000
885,885,AD,90712,2,3,1111110011
886,886,ADCBE,90809,3,5,1110011011
887,887,BD,90844,5,3,1000001011
888,888,EACB,90712,5,4,1011010100
889,889,B,90809,3,2,0010111000
890,890,AC,90808,4,2,0010001100
891,891,DBEA,90801,1,5,0010011110
892,892,DEAC,90712,2,4,0010101000
893,893,C,90809,2,1,0111101110
894,894,DECBA,90712,5,1,0010001110
895,895,DACEB,90808,1,1,0001110101
896,896,EBCA,90801,1,4,0011001110
897,897,CDBAE,90809,5,5,1001110101
898,898,EBDAC,90809,3,1,1001001001
899,899,CE,90801,1,3,1000100100
900,900,CAE,90844,2,4,0110100001
901,901,ABD,90712,4,4,0101001101
902,902,DCBAE,90801,1,1,1000001110
903,903,BA,90808,3,4,1111111001
904,904,DB,90844,3,2,0100101111
905,905,BEAC,90808,4,1,1101111001
906,906,D,90712,2,2,0101010111
907,907,A,90712,4,4,0101010101
908,908,BEACD,90801,4,4,1100111101
909,909,DAECB,90801,5,2,0011001000
910,910,BDECA,90809,5,1,0111001000
911,911,EB,90801,3,2,0110110111
912,912,EBDA,90801,1,4,0010100101
913,913,DABCE,90801,3,5,0110001001
914,914,BA,90712,1,2,1111000111
915,915,DEC,90808,3,1,1100010000
916,916,ACB,90844,5,1,1001110101
917,917,A,90801,1,5,0100100010
918,918,CDAEB,90712,4,1,0010111111
919,919,D,90809,5,2,1100100010
920,920,DCAEB,90712,2,3,1100011011
921,921,CDBE,90808,3,1,0011101100
922,922,CABD,90809,2,2,0101100101
923,923,EADB,90801,5,1,0110101110
924,924,C,90844,5,3,0111100111
925,925,BEA,90801,5,5,1111110101
926,926,CBAE,90844,3,4,1100010011
927,927,ED,90844,3,3,0110010101
928,928,ECDBA,90712,1,4,1011011011
929,929,EBC,90809,1,2,0011100110
930,930,EC,90801,4,5,1010010100
931,931,ACDB,90809,2,2,1111100101
932,932,DCAE,90712,3,1,1010111100
933,933,BAE,90844,3,1,0111000000
934,934,ACE,90844,3,5,1101101011
935,935,BEA,90844,2,4,0011111001
936,936,CBED,90808,4,3,0101100111
937,937,ED,90809,1,2,1100010100
938,938,DBCEA,90844,5,2,1111110000
939,939,C,90801,4,1,1110011001
940,940,DC,90808,1,3,1010100100
941,941,BDEAC,90801,3,2,0111000100
942,942,BCE,90808,2,2,0110010011
943,943,A,90844,3,5,0111001000
944,944,BCA,90712,5,2,0001100001
945,945,CB,90712,1,2,1110111111
946,946,C,90712,5,5,0011110110
947,947,D,90844,3,3,1101000111
948,948,BCE,90801,5,2,1010100111
949,949,AD,90809,5,4,0111111100
950,950,DCEA,90712,1,4,0100111110
951,951,DCEB,90809,3,1,0111100011
952,952,ECAB,90801,5,5,0101010100
953,953,E,90712,3,1,0111000100
954,954,DBAC,90712,2,4,1010000110
955,955,AEDBC,90712,2,3,1000101101
956,956,D,90808,5,3,0110000000
957,957,CBA,90809,1,3,0100001000
958,958,C,90712,5,4,0011100110
959,959,CAEDB,90808,1,4,0010100000
960,960,DBC,90844,1,5,1011011011
961,961,CEBA,90844,1,1,0010000010
962,962,ADEBC,90712,5,3,1011100101
963,963,EAB,90801,3,2,1011010010
964,964,ED,90844,3,4,0110101101
965,965,EDBAC,90809,4,5,1100001000
966,966,AEB,90801,4,5,0000110100
967,967,E,90712,3,1,0111111001
968,968,A,90801,3,3,1110010001
969,969,AD,90712,4,5,0111000001
970,970,DAB,90809,2,5,0011111100
971,971,AEBD,90809,5,2,0100011010
972,972,EBDC,90712,4,2,0000000001
973,973,DCAB,90808,4,5,1010111000
974,974,D,90801,5,1,0111000010
975,975,E,90809,1,5,1010010111
976,976,CBAED,90809,2,3,0001010000
977,977,ACEBD,90712,3,2,1000111011
978,978,EABDC,90844,3,4,0010000000
979,979,AECD,90712,5,3,0100011111
980,980,E,90712,1,3,1001000100
981,981,CEBDA,90712,2,3,1011100001
982,982,CB,90808,2,5,1010010100
983,983,B,90809,3,5,0110100101
984,984,DAEBC,90712,4,5,1000101110
985,985,EC,90844,2,4,1000101001
986,986,ADECB,90844,1,2,0001110111
987,987,AEB,90809,3,2,0110101001
988,988,DCBA,90712,2,5,0101010000
989,989,B,90809,2,3,0111111001
990,990,CE,90844,3,5,1110110001
991,991,C,90809,4,3,0001101101
992,992,CA,90844,5,4,1000011111
993,993,CE,90808,1,5,1010110111
994,994,CB,90808,3,2,0100110101
995,995,BDCA,90844,2,5,1001111001
996,996,DCAB,90808,4,1,0111001001
997,997,A,90809,3,1,0101111110
998,998,CDAB,90809,4,5,1100000001
999,999,BCD,90801,1,4,1001001010
1000,1000,EC,90801,4,5,1001111000
1001,1001,CAE,90809,5,4,1100110111
1002,1002,ABC,90712,4,4,1011110101
1003,1003,AC,90712,1,4,1100111011
1004,1004,EDCA,90809,2,4,1010011010
1005,1005,BCEDA,90809,1,2,0010110000
1006,1006,B,90844,4,2,0010110001
1007,1007,DEC,90808,5,4,0001000011
1008,1008,ECA,90712,2,2,0010011000
1009,1009,DEBC,90808,1,4,1100000000
1010,1010,BDA,90844,2,3,0011111010
1011,1011,CB,90809,5,2,0010000011
1012,1012,A,90808,1,5,1001011010
1013,1013,ADCBE,90844,3,4,1101111000
1014,1014,EBADC,90809,5,4,1101010010
1015,1015,EBCDA,90801,1,5,0001000011
1016,1016,BD,90808,5,3,1101001001
1017,1017,CDBEA,90808,5,2,1100110111
1018,1018,DBCEA,90801,3,3,0000100111
1019,1019,DABCE,90808,5,4,1110001001
1020,1020,DCEB,90844,3,4,0001001110
1021,1021,CABED,90712,4,3,0101101010
1022,1022,DC,90844,3,2,0110001101
1023,1023,E,90801,1,3,1101010010
1024,1024,AE,90712,2,4,1001110001
1025,1025,CBADE,90808,4,4,1101010100
1026,1026,CD,90844,3,5,0011100110
1027,1027,E,90808,3,5,1001101100
1028,1028,ABC,90712,1,4,0001111010
1029,1029,ECDB,90712,1,2,1000111101
1030,1030,DBEAC,90844,4,3,0000000100
1031,1031,BDA,90809,1,3,1110101001
1032,1032,A,90844,1,1,0110001110
1033,1033,C,90808,4,4,1011101000
1034,1034,AC,90712,1,2,0001010010
1035,1035,EDCAB,90808,5,5,0011010001
1036,1036,CAED,90809,4,2,0101001110
1037,1037,CA,90808,5,3,0111100100
1038,1038,ABEC,90809,1,1,1001100111
1039,1039,C,90809,4,1,0001011111
1040,1040,B,90808,2,5,0100000000
1041,1041,DECA,90712,4,4,1010010101
1042,1042,D,90808,1,4,0111000011
1043,1043,DE,90844,1,5,0101110100
1044,1044,BDEC,90809,3,2,0111000011
1045,1045,BCE,90712,3,1,0111100010
1046,1046,C,90844,4,5,0101000010
1047,1047,DBCA,90809,2,1,1011110000
1048,1048,CA,90801,2,3,0001010000
1049,1049,ECBA,90844,5,1,1110010011
1050,1050,EACB,90801,4,5,0100001010
1051,1051,DABC,90808,1,4,1011100101
1052,1052,EC,90712,4,2,1110110110
1053,1053,EC,90712,5,4,0001110101
1054,1054,D,90844,3,2,0010010111
1055,1055,BAD,90712,2,4,1010110001
1056,1056,DABCE,90809,4,5,0101100011
1057,1057,A,90809,3,4,0111001001
1058,1058,DC,90809,4,4,0100110000
1059,1059,DE,90808,5,3,1101000101
1060,1060,CBDEA,90712,5,2,0111111001
1061,1061,EBCA,90801,4,1,1111001001
1062,1062,CE,90801,5,4,0110000110
1063,1063,ADCBE,90844,5,1,0101001101
1064,1064,BC,90809,3,4,1011101011
1065,1065,EBC,90809,4,2,1011000011
1066,1066,A,90844,5,5,1100110001
1067,1067,DB,90808,5,2,0110101110
1068,1068,D,90801,3,5,1001000001
1069,1069,CEDA,90712,3,2,1101001001
1070,1070,DAC,90801,2,1,1001111100
1071,1071,BD,90808,5,5,1111011010
1072,1072,CED,90801,3,4,0101001011
1073,1073,BEDC,90808,1,1,1000010110
1074,1074,EC,90712,2,3,0000011001
1075,1075,BAECD,90844,1,1,1101101001
1076,1076,CABDE,90801,2,5,0101101111
1077,1077,CEB,90712,3,2,0000000110
1078,1078,CBED,90808,4,5,0110100110
1079,1079,CDB,90801,4,5,0101101001
1080,1080,AEDB,90808,2,5,1101010100
1081,1081,DBACE,90801,4,3,1001011111
1082,1082,DE,90712,5,1,0000100100
1083,1083,AEDBC,90808,1,2,0001001000
1084,1084,BA,90844,4,1,1001111011
1085,1085,A,90801,4,2,0100101111
1086,1086,BDCEA,90712,2,1,0100101111
1087,1087,BC,90809,4,3,0010011110
1088,1088,CEB,90809,1,2,1011011111
1089,1089,AECB,90808,3,2,0100011100
1090,1090,CA,90801,2,4,1111101000
1091,1091,ABCE,90809,4,4,1101100011
1092,1092,CB,90844,2,4,1110111101
1093,1093,C,90809,1,4,0101000111
1094,1094,EC,90712,5,5,1100010000
1095,1095,ACED,90809,5,3,1101001001
1096,1096,BEDC,90844,1,3,1101111101
1097,1097,BCEDA,90808,4,2,1000000000
1098,1098,ACDBE,90809,3,5,1110010100
1099,1099,EB,90712,2,5,1010110110
1100,1100,A,90801,5,5,0011111011
1101,1101,CBEA,90801,3,2,0001100111
1102,1102,CDB,90808,4,5,1001110001
1103,1103,BDEA,90808,3,2,0101110101
1104,1104,CAED,90808,5,2,1111011100
1105,1105,CAEBD,90712,3,3,1100001111
1106,1106,E,90809,5,2,1010101001
1107,1107,BAE,90801,2,5,1110000110
1108,1108,C,90801,5,4,0100011011
1109,1109,EBACD,90844,3,5,0011010111
1110,1110,D,90809,3,5,0011100100
1111,1111,BDAE,90801,4,1,1111101101
1112,1112,EBCDA,90809,5,4,0000110111
1113,1113,EDCBA,90809,1,1,1101010111
1114,1114,AEC,90809,5,5,1010110100
1115,1115,DCBE,90844,2,2,0101000111
1116,1116,CBE,90844,4,5,0010001011
1117,1117,CB,90808,1,5,1000011011
1118,1118,AEBD,90712,1,2,0010000001
1119,1119,DECBA,90808,2,4,0100111101
1120,1120,B,90844,5,5,0001100100
1121,1121,ABE,90801,3,2,0010011001
1122,1122,EC,90808,4,1,0001000000
1123,1123,ECAB,90844,4,3,0100110010
1124,1124,ED,90844,5,1,0010110111
1125,1125,BA,90808,4,3,0011111110
1126,1126,DE,90712,4,2,1110011001
1127,1127,BA,90808,3,1,0011001001
1128,1128,C,90844,1,2,1100000010
1129,1129,A,90809,3,2,1000010101
1130,1130,DABEC,90801,3,3,1101001011
1131,1131,D,90809,2,3,0000010101
1132,1132,AB,90801,1,4,0011110110
1133,1133,DBEA,90808,2,4,0010001000
1134,1134,CE,90809,4,3,1100010101
1135,1135,DBAC,90809,4,3,1101111010
1136,1136,DECAB,90809,5,5,1100010110
1137,1137,CDB,90801,1,4,0001111100
1138,1138,AECDB,90809,4,1,1011110000
1139,1139,DC,90809,3,1,0011100000
1140,1140,BC,90844,4,3,0000111010
1141,1141,CEBA,90801,3,4,0101110000
1142,1142,AE,90801,3,4,0001010000
1143,1143,DACE,90844,1,4,0100000011
1144,1144,EDCB,90809,4,5,0010011000
1145,1145,BDE,90808,4,4,1001010101
1146,1146,DCAE,90712,3,2,0101000110
1147,1147,ACDEB,90809,3,2,0000001110
1148,1148,CDAE,90801,2,1,0011001110
1149,1149,BA,90808,2,4,0001000001
1150,1150,ABE,90712,5,2,1000100010
1151,1151,EAB,90809,3,5,1111011111
1152,1152,C,90808,5,1,1001101111
1153,1153,EDCB,90808,3,1,0011100110
1154,1154,BCDAE,90808,5,2,1010011101
1155,1155,BECA,90808,2,3,1101101111
1156,1156,ACEB,90801,2,2,0100110111
1157,1157,ACEBD,90712,2,5,0001110111
1158,1158,B,90712,4,3,0110000101
1159,1159,CBDE,90801,1,4,0101010001
1160,1160,BEDCA,90712,1,1,0001000110
1161,1161,DBA,90712,5,4,0011010111
1162,1162,ECB,90809,4,4,0101011100
1163,1163,AE,90808,3,5,0101010000
1164,1164,BD,90844,5,1,1000011011
1165,1165,AEBDC,90801,3,1,1000010101
1166,1166,CDEB,90844,3,3,0101110010
1167,1167,EDBCA,90801,2,1,1100101000
1168,1168,AC,90844,1,1,0000001000
1169,1169,ADCBE,90809,4,4,1011100110
1170,1170,B,90801,5,2,0101001000
1171,1171,DBA,90712,1,1,0110011000
1172,1172,B,90801,4,4,0011100000
1173,1173,CBAED,90808,5,5,1011001100
1174,1174,EBD,90809,1,1,0001111100
1175,1175,DABE,90801,5,2,1100101110
1176,1176,DB,90712,3,5,1111110111
1177,1177,BEC,90712,1,2,1001110110
1178,1178,BDAEC,90801,4,3,1011111001
1179,1179,E,90712,5,2,1111011111
1180,1180,EDC,90801,4,4,0011011101
1181,1181,BEA,90844,3,2,0111100001
1182,1182,C,90809,1,3,0111111011
1183,1183,EA,90808,3,5,0111000011
1184,1184,AEBC,90712,5,1,0011011001
1185,1185,AE,90808,2,5,1101011100
1186,1186,C,90844,2,3,1010011000
1187,1187,CEB,90808,1,1,0010011011
1188,1188,DC,90712,5,5,0111010001
1189,1189,E,90801,1,1,1111100100
1190,1190,E,90809,1,1,1111101110
1191,1191,DABCE,90712,3,3,1101100010
1192,1192,BADCE,90808,3,2,1101011011
1193,1193,ABEC,90712,4,4,1110110011
1194,1194,ECDA,90844,4,2,1100000000
1195,1195,AEB,90844,2,2,0001000001
1196,1196,DACB,90712,2,4,0110101001
1197,1197,A,90801,2,3,1010011100
1198,1198,EBDCA,90844,1,1,0011010101
1199,1199,BD,90809,1,1,0100101000
1200,1200,DBC,90808,1,1,0111110111
1201,1201,BA,90712,5,1,1110001011
1202,1202,CB,90712,4,2,1100000100
1203,1203,EDC,90808,1,2,0011011011
1204,1204,DBAE,90844,1,2,0111001101
1205,1205,ABCDE,90808,1,1,1101101011
1206,1206,ADC,90712,5,1,0010110001
1207,1207,CABDE,90712,2,3,1111111011
1208,1208,CB,90844,2,5,0111010000
1209,1209,BECAD,90809,2,5,0101011001
1210,1210,DEC,90808,3,3,1100110010
1211,1211,EADB,90809,5,4,0010011000
1212,1212,ABED,90844,4,4,1000110111
1213,1213,ECB,90809,5,1,1010110001
1214,1214,CEA,90844,2,4,1100010110
1215,1215,BC,90801,3,5,0101101100
1216,1216,EDBC,90712,1,2,0111100001
1217,1217,EBDC,90808,5,2,0111011011
1218,1218,CEDBA,90801,4,1,0000110001
1219,1219,D,90844,2,5,0010000110
1220,1220,DEBC,90712,1,4,0011011010
1221,1221,EA,90808,3,4,1000000111
1222,1222,E,90801,4,4,0000101001
1223,1223,DE,90809,1,4,1010111010
1224,1224,EDABC,90712,5,4,1001011101
1225,1225,CDEAB,90801,3,3,1110011010
1226,1226,AE,90844,4,3,0010111001
1227,1227,B,90808,2,2,1010001001
1228,1228,CDAB,90808,1,4,1011001111
1229,1229,CE,90809,3,1,0100101110
1230,1230,DAE,90808,5,1,1010101011
1231,1231,EBD,90801,3,3,0010011010
1232,1232,EBCD,90809,3,3,0001001100
1233,1233,CBEDA,90809,4,5,1010000010
1234,1234,DCA,90801,1,5,0010000110
1235,1235,ED,90844,1,2,1010101000
1236,1236,EDB,90809,2,1,0011110001
1237,1237,EBA,90808,4,4,0100101001
1238,1238,B,90809,1,1,1111001010
1239,1239,CD,90801,5,3,1001101100
1240,1240,AC,90808,5,1,1001011000
1241,1241,CAD,90844,5,1,0111101011
1242,1242,ECDB,90844,5,5,1100011010
1243,1243,DACEB,90808,1,5,1110010011
1244,1244,DBAC,90844,4,5,1100110100
1245,1245,EDB,90801,5,4,0111000111
1246,1246,EBD,90809,5,2,1010011110
1247,1247,D,90844,5,2,0000100001
1248,1248,ACBED,90712,5,4,0111000001
1249,1249,B,90808,1,4,0011000100
1250,1250,D,90801,5,3,1111101110
1251,1251,C,90844,3,2,0111011100
1252,1252,BCDE,90808,1,2,1011011101
1253,1253,CDA,90844,2,4,1111001110
1254,1254,EDCA,90844,5,1,1110010101
1255,1255,CABED,90712,3,3,0111100101
1256,1256,EB,90808,5,3,0111110110
1257,1257,E,90712,4,1,1010110110
1258,1258,BCE,90809,1,2,0101111110
1259,1259,CEAD,90712,5,4,1100111110
1260,1260,AC,90712,1,3,0111111010
1261,1261,D,90801,5,3,0001111011
1262,1262,CEAB,90808,3,2,0101011010
1263,1263,ACDBE,90844,5,2,0011010100
1264,1264,AC,90809,2,5,0011011101
1265,1265,BA,90809,5,1,1110110010
1266,1266,ECBAD,90809,5,1,0111000101
1267,1267,ACD,90712,1,5,1000001110
1268,1268,B,90809,4,1,0111101100
1269,1269,A,90844,2,4,0010010100
1270,1270,ADCEB,90809,4,4,1000011111
1271,1271,B,90808,4,2,1100110000
1272,1272,D,90808,1,4,1110011101
1273,1273,BCE,90808,3,4,1001110010
1274,1274,AEDCB,90712,3,2,0101001001
1275,1275,CAB,90844,4,5,1001000000
1276,1276,A,90712,1,4,1101111100
1277,1277,CEAB,90808,3,1,1010100010
1278,1278,CADE,90712,5,1,0000110001
1279,1279,CDB,90809,5,4,1011101011
1280,1280,AEB,90808,2,3,0100110000
1281,1281,EBCA,90844,1,5,1001011111
1282,1282,ECDB,90801,3,5,0011111000
1283,1283,DBCE,90712,5,5,1010101000
1284,1284,EADBC,90844,3,1,0000010100
1285,1285,DEBA,90712,2,1,1011111110
1286,1286,D,90844,3,4,0101010101
1287,1287,EC,90801,4,1,1010000100
1288,1288,E,90808,1,4,0011000010
1289,1289,CE,90808,4,1,0001000010
1290,1290,BCEAD,90808,3,3,0011101011
1291,1291,D,90808,1,2,0111000000
1292,1292,C,90712,2,4,0001100001
1293,1293,ADBCE,90808,5,4,1101111111
1294,1294,ACEB,90844,4,2,0110100010
1295,1295,ACBE,90844,4,2,1001000000
1296,1296,CD,90808,4,2,1100111011
1297,1297,AED,90801,4,3,1110101101
1298,1298,E,90809,3,5,1001111001
1299,1299,AD,90712,3,4,0011000011
1300,1300,ECDA,90801,4,4,1001001100
1301,1301,DC,90809,2,1,1101110010
1302,1302,BCAE,90801,2,3,1100111011
1303,1303,BDA,90809,3,5,0110010100
1304,1304,DBE,90808,1,5,0100000011
1305,1305,B,90809,4,2,1011100010
1306,1306,BDE,90809,3,5,1001111111
1307,1307,DE,90801,3,5,1111011100
1308,1308,B,90808,2,3,0001111011
1309,1309,BCA,90809,5,5,1000101001
1310,1310,CDB,90801,5,3,1000001111
1311,1311,BDCAE,90808,3,4,0001001111
1312,1312,AEBD,90844,1,1,1101001111
1313,1313,CABED,90844,1,3,1000011010
1314,1314,EDB,90712,5,4,0011001100
1315,1315,EDCB,90808,1,4,1000111010
1316,1316,DAEC,90808,2,2,1011001101
1317,1317,ABDCE,90801,3,5,1010001000
1318,1318,DEB,90712,1,3,1010110010
1319,1319,DEBAC,90809,1,2,1011011110
1320,1320,CEA,90712,1,3,0111101011
1321,1321,AED,90712,1,5,1101001011
1322,1322,CD,90809,4,1,1101010111
1323,1323,DB,90801,1,2,0101111100
1324,1324,DABC,90712,2,2,0010000101
1325,1325,CEDAB,90808,2,1,1010100100
1326,1326,DC,90844,4,4,0111010100
1327,1327,E,90809,2,2,1011100111
1328,1328,AEC,90844,3,1,1011110001
1329,1329,DCBEA,90808,5,5,0011111011
1330,1330,EDA,90808,2,5,1000110111
1331,1331,ABD,90809,2,2,0000000111
1332,1332,BAC,90712,2,1,0000000011
1333,1333,EAC,90809,3,3,0010110000
1334,1334,CA,90844,3,1,0100000001
1335,1335,DECA,90844,4,5,1111000011
1336,1336,ADE,90809,5,2,0001110111
1337,1337,ACB,90801,2,2,0011010111
1338,1338,AEBC,90808,1,1,0011000000
1339,1339,DCABE,90712,2,3,1001000011
1340,1340,CEADB,90712,4,2,0000101000
1341,1341,CD,90801,3,4,1010101000
1342,1342,EDBC,90808,3,5,1110101011
1343,1343,E,90801,4,5,0011110001
1344,1344,A,90712,5,3,0100111100
1345,1345,ADCBE,90808,2,4,0111000100
1346,1346,DB,90809,3,4,0111100100
1347,1347,A,90809,4,4,0000010101
1348,1348,ECBD,90809,4,4,1011100011
1349,1349,DBECA,90844,2,2,1100001011
1350,1350,AC,90712,5,1,0011101110
1351,1351,CBAED,90809,4,1,0000010111
1352,1352,DB,90712,5,2,0110010001
1353,1353,D,90712,1,4,0000011100
1354,1354,BE,90712,2,5,0100001011
1355,1355,DC,90808,4,1,0100011110
1356,1356,DCA,90801,5,3,0110010111
1357,1357,ADCB,90712,3,5,0101000110
1358,1358,CEABD,90808,1,5,0110101111
1359,1359,ECDBA,90809,2,2,0010010001
1360,1360,E,90712,4,3,0110010011
1361,1361,CD,90712,3,2,1000111110
1362,1362,DBC,90712,1,5,1101001111
1363,1363,BCA,90712,1,5,0011110111
1364,1364,DEACB,90712,2,3,1110010111
1365,1365,E,90801,4,2,1111100001
1366,1366,ECD,90808,2,1,0110010000
1367,1367,AB,90712,1,5,0100001010
1368,1368,AED,90808,5,2,1011000110
1369,1369,EADCB,90844,1,4,0110111000
1370,1370,DB,90712,5,2,0110000010
1371,1371,CA,90801,3,4,0110000101
1372,1372,BDEA,90844,3,4,0000010101
1373,1373,C,90809,1,3,1001100110
1374,1374,AE,90801,5,1,0010000111
1375,1375,C,90801,3,5,1000100010
1376,1376,ADCBE,90801,2,2,1001110000
1377,1377,D,90844,4,1,1110100111
1378,1378,DBEC,90801,1,4,1100100110
1379,1379,A,90844,5,4,0110111111
1380,1380,BE,90808,4,4,0010010101
1381,1381,ECBD,90809,4,1,1111011110
1382,1382,CED,90808,2,2,0001001101
1383,1383,BA,90809,4,5,0010101110
1384,1384,A,90809,1,5,1001111111
1385,1385,DAE,90809,2,3,0100111011
1386,1386,CA,90808,3,3,1100110011
1387,1387,DEAB,90844,3,1,0001000001
1388,1388,C,90808,3,1,1111110011
1389,1389,DE,90712,3,1,0101101100
1390,1390,CE,90801,1,4,1011111111
1391,1391,EB,90809,2,5,1101010011
1392,1392,AECD,90844,1,2,1111010100
1393,1393,DAE,90844,1,1,1000111100
1394,1394,EBAD,90712,3,3,0011101100
1395,1395,ABE,90801,1,5,0111011100
1396,1396,B,90808,1,1,0010001001
1397,1397,AEB,90801,3,4,0001000111
1398,1398,DABE,90808,5,4,0001110100
1399,1399,CEDBA,90801,5,5,1110111100
1400,1400,B,90808,1,5,1110000111
1401,1401,ACED,90801,1,5,0111011110
1402,1402,DC,90808,2,5,0001001011
1403,1403,BD,90844,3,2,0100000100
1404,1404,CBA,90844,4,4,0111010110
1405,1405,CED,90808,4,3,0010100001
1406,1406,D,90844,3,4,0000001110
1407,1407,DECBA,90844,3,3,0010101101
1408,1408,AD,90844,5,2,1111110110
1409,1409,CED,90712,2,2,0010011100
1410,1410,D,90844,5,1,1011111101
1411,1411,ECBDA,90801,5,1,1100001101
1412,1412,C,90712,1,3,1100110100
1413,1413,CEADB,90809,5,2,0111000101
1414,1414,AD,90844,1,4,1011011100
1415,1415,D,90801,3,3,1110101101
1416,1416,ACD,90844,3,5,0101111010
1417,1417,ACEDB,90712,4,4,1111001011
1418,1418,CADB,90809,2,5,1001110111
1419,1419,CBEDA,90809,5,4,1111010111
1420,1420,B,90801,2,1,0000100111
1421,1421,DEAC,90801,3,3,0010100111
1422,1422,BDEAC,90808,3,5,0000111111
1423,1423,A,90844,2,2,0100010101
1424,1424,AC,90844,3,3,1011011010
1425,1425,CBDAE,90801,2,4,0111001001
1426,1426,ADCBE,90809,2,4,0011001111
1427,1427,DC,90808,3,1,1001111111
1428,1428,E,90809,5,3,0011010101
1429,1429,A,90809,1,2,1001110101
1430,1430,CA,90809,2,3,1010111110
1431,1431,CB,90801,2,4,1101010100
1432,1432,AE,90844,2,4,0100001101
1433,1433,BECAD,90809,1,4,0111010111
1434,1434,CB,90844,1,5,1101100001
1435,1435,CAEB,90844,1,1,1100101110
1436,1436,EACB,90809,4,2,0110000100
1437,1437,AECD,90808,2,2,1101111000
1438,1438,AEBDC,90809,2,4,1001010000
1439,1439,EDC,90712,1,5,0100110000
1440,1440,AC,90712,2,4,0111101000
1441,1441,CAD,90808,2,4,0101011100
1442,1442,BADEC,90712,2,5,1110110101
1443,1443,DB,90809,4,2,1010000001
1444,1444,EDC,90801,3,1,0111110101
1445,1445,BE,90844,4,5,0100001010
1446,1446,D,90844,5,3,1011100001
1447,1447,DBE,90809,2,4,1110111101
1448,1448,CB,90844,1,1,1001110101
1449,1449,E,90712,3,1,1010111011
1450,1450,EA,90808,5,4,1000010100
1451,1451,BADE,90809,2,5,1111010000
1452,1452,CEBDA,90712,1,4,0100110101
1453,1453,C,90844,3,4,0101111010
1454,1454,ACDB,90844,4,4,1001000000
1455,1455,EC,90844,4,1,1000011010
1456,1456,DABCE,90712,1,2,0111001101
1457,1457,ABDEC,90712,5,4,0111101011
1458,1458,DBA,90808,5,2,0010111111
1459,1459,ECBDA,90712,2,2,0111111100
1460,1460,CAEBD,90712,5,2,0000111010
1461,1461,EC,90844,1,3,1001001000
1462,1462,DABEC,90801,2,5,0001000101
1463,1463,E,90809,1,1,1010111001
1464,1464,BACDE,90844,5,4,0001111111
1465,1465,DBCAE,90844,4,4,1100000010
1466,1466,ECD,90809,3,4,1111101101
1467,1467,ADB,90712,4,3,1011110100
1468,1468,DE,90844,5,2,0010110010
1469,1469,D,90712,3,4,0100001101
1470,1470,A,90809,1,2,0111111000
1471,1471,C,90801,2,2,0111001111
1472,1472,DEA,90808,4,5,1000001000
1473,1473,D,90712,2,5,0001100111
1474,1474,DBA,90844,2,5,0101111101
1475,1475,CABDE,90801,1,1,0111011010
1476,1476,BAEDC,90808,1,5,1001100100
1477,1477,EBDC,90809,3,2,1110011110
1478,1478,CBEAD,90801,4,3,0000010101
1479,1479,ADCE,90808,4,2,0101111100
1480,1480,AEDB,90801,1,1,0110101110
1481,1481,EBD,90809,3,2,1000000011
1482,1482,CEBD,90801,5,4,1010111111
1483,1483,BDA,90801,4,5,1110001000
1484,1484,BAECD,90712,3,5,1101110000
1485,1485,ABC,90844,2,5,1101101011
1486,1486,BAE,90808,2,2,0100101011
1487,1487,DCBE,90809,4,5,0000101011
1488,1488,BCEA,90809,1,4,1100011011
1489,1489,CAD,90809,3,2,0110011111
1490,1490,ABE,90712,4,1,0011000000
1491,1491,CDEAB,90809,3,4,0000000010
1492,1492,C,90844,4,4,0011011011
1493,1493,BC,90712,4,2,1111101111
1494,1494,BC,90801,1,1,0110110100
1495,1495,BCADE,90809,4,1,1010101100
1496,1496,B,90808,3,5,1110100101
1497,1497,AD,90808,3,4,0010100011
1498,1498,EADCB,90801,1,5,1000000011
1499,1499,CBE,90809,2,5,1000110000
